<metadata xml:lang="en"><Esri><CreaDate>20150702</CreaDate><CreaTime>14285000</CreaTime><ArcGISFormat>1.0</ArcGISFormat><ArcGISstyle>FGDC CSDGM Metadata</ArcGISstyle><SyncOnce>TRUE</SyncOnce><scaleRange><minScale>500000</minScale><maxScale>5000</maxScale></scaleRange><ArcGISProfile>FGDC</ArcGISProfile><ModDate>20150703</ModDate><ModTime>14134600</ModTime></Esri><dataIdInfo><idPurp>

Horizontal Datum: Nad83 CSRS
Vertical Datum: CGVD28
Geoid Model: HT2.0
UTM Zone: 11
Projected Cordinate System: UTM 11 NAD 83

Calibration Methodology: Airborne Imaging performs a complete calibration on every LiDAR acquisition flight, data is acquired over a calibration site flown with at least two passes in opposite directions before and after the flight. Any error in the attitude of the aircraft (roll, pitch and heading) can be observed and corrected for within system specifications. To statistically quantify the accuracy, we compare the LiDAR elevations with independently surveyed ground points. A GPS mounted truck collects data while driving on an open road. The kinematic positions on the road are post-processed from a nearby base station (common to the aerial survey) 

Horizontal Accuracy (95%): 35cm
Fundamental Vertical Accuracy on flat hard surfaces (95%): 20cm
Point density varies between 1.3 pts/m2 and 5 pts/m2 based on collection mission. To find which mission this
data is in, visit our open data portal at data.countygp.ab.ca and download the dataset called "2014 LiDAR
footprint".
</idPurp><idCredit>County of Grande Prairie</idCredit><idCitation><resTitle>LiDAR Metadata</resTitle></idCitation><searchKeys><keyword>LiDAR</keyword><keyword>County of Grande Prairie</keyword></searchKeys><resConst><Consts><useLimit>&lt;DIV STYLE="text-align:Left;"&gt;&lt;DIV&gt;&lt;DIV&gt;&lt;P&gt;&lt;SPAN&gt;For full details on how this product is to be used, reverence the enclosed licence file named: "Open Data Licence.pdf". Or find the current version on the website at: &lt;/SPAN&gt;&lt;A href="http://data.countygp.ab.ca"&gt;&lt;SPAN&gt;&lt;SPAN&gt;http://data.countygp.ab.ca&lt;/SPAN&gt;&lt;/SPAN&gt;&lt;/A&gt;&lt;/P&gt;&lt;P STYLE="margin:0 0 0 0;"&gt;&lt;SPAN /&gt;&lt;/P&gt;&lt;P STYLE="margin:0 0 0 0;"&gt;&lt;SPAN&gt;Datasets are for informational purposes and may not have been created for or be appropriate for engineering, surveying or site specific purposes. You are required to determine from the primary dataset the applicability of the dataset. &lt;/SPAN&gt;&lt;/P&gt;&lt;P /&gt;&lt;/DIV&gt;&lt;/DIV&gt;&lt;/DIV&gt;</useLimit></Consts></resConst><idAbs>&lt;DIV STYLE="text-align:Left;"&gt;&lt;DIV&gt;&lt;DIV&gt;&lt;P&gt;&lt;SPAN&gt;This folder contains one .las file, one .lasx file, and one data license. The LiDAR survey was conducted by Airborne Imaging at the request of the County of Grande Prairie in May 2013 and May 2014. &lt;/SPAN&gt;&lt;/P&gt;&lt;/DIV&gt;&lt;/DIV&gt;&lt;/DIV&gt;</idAbs></dataIdInfo><mdHrLv><ScopeCd value="005"/></mdHrLv><mdContact xmlns=""><rpIndName>GIS Services</rpIndName><rpOrgName>County of Grande Prairie </rpOrgName><role><RoleCd value="002"/></role><rpCntInfo xmlns=""><cntAddress addressType="physical"><city>Clairmont</city><adminArea>AB</adminArea><postCode>T0H 0W0</postCode><eMailAdd>gis@countygp.ab.ca</eMailAdd></cntAddress><cntPhone><voiceNum tddtty="">780-532-9722 </voiceNum></cntPhone></rpCntInfo></mdContact><mdContact xmlns=""><rpIndName>GIS Services</rpIndName><rpOrgName>County of Grande Prairie </rpOrgName><role><RoleCd value="002"/></role><rpCntInfo xmlns=""><cntAddress addressType="physical"><city>Clairmont</city><adminArea>AB</adminArea><postCode>T0H 0W0</postCode><eMailAdd>gis@countygp.ab.ca</eMailAdd></cntAddress><cntPhone><voiceNum tddtty="">780-532-9722 </voiceNum></cntPhone></rpCntInfo><editorSave>False</editorSave><displayName>GIS Services</displayName></mdContact></metadata>
